16840819-4846,1691072733799,16431025-1907,12.475.369/1254-07,Maggy,RPR58YMU1CU,"Acevedo, Honorato D.",74899,74899,dolor.vitae@aultriciesadipiscing.ca,8
16030910-9072,1660041353899,16431025-1907,12.475.369/1254-06,Rae,UFZ71BNY9CU,"Alexander, Yetta S.",76758,74900,Maecenas.ornare.egestas@Quisque.edu,6
16520407-1269,1605042186199,16030910-9072,12.475.369/1254-09,Blaze,HDN61IUA2HC,"Cochran, Anthony J.",19516,74901,fermentum.arcu@tempor.ca,7
16401004-2606,1622052353199,16870819-1674,12.475.369/1254-10,Murphy,IVT63VBL4TB,"Barrett, Tatyana K.",25348,74902,iaculis.aliquet@Phasellus.co.uk,8
16620828-2506,1655081023199,16050614-0847,12.475.369/1254-08,Rashad,TKM55KIH2YZ,"Roach, Simon Q.",29127,74903,risus@id.co.uk,8
16810925-9369,1692100246599,16050614-0847,12.475.369/1254-05,Raymond,VZJ23KWT2QU,"Mayer, Laura S.",58712,74904,iaculis.nec@magnaaneque.net,7
16470418-0969,1642081381199,16050614-0847,12.475.369/1254-08,Kylan,YKQ48RVO9UR,"Cox, Jolene V.",8922,74905,sed@malesuadaut.net,6
16431025-1907,1632070530899,16541018-9210,12.475.369/1254-05,Jena,XPM95OGZ5PZ,"Harrington, Wendy W.",95041,74906,pellentesque.tellus@nisimagna.co.uk,7
16350815-4642,1650061961399,16541018-9210,12.475.369/1254-07,Halee,RLJ97JDC7EO,"Bradford, Jesse W.",15660,74907,mi.lacinia.mattis@Curabitur.net,5
16290215-5437,1611061242999,16541018-9210,12.475.369/1254-06,Alma,XXW08NYJ8QH,"Hull, Chaney C.",33050,74908,ut@semmolestiesodales.edu,6
16080618-4834,1683061446499,16190315-6592,12.475.369/1254-06,Lara,HUT20PXF0MI,"Schroeder, Benjamin C.",42466,74909,ac.orci@dapibusrutrumjusto.co.uk,6
16050614-0847,1622121033799,16190315-6592,12.475.369/1254-06,Jessica,RIN95NEN6YU,"Griffith, Scarlet F.",81053,74910,risus@estac.org,7
16541018-9210,1687072218899,16541018-9210,12.475.369/1254-06,Zephania,AKM93LTU7IV,"Rodriquez, Trevor T.",90141,74911,ultricies.ornare.elit@lorem.co.uk,4
16190315-6592,1657051746399,16790328-1157,12.475.369/1254-08,Lucy,FMZ52DJP0AE,"Rowland, Kimberly L.",38828,74912,eu.tellus.Phasellus@Inornare.co.uk,6
16800117-8956,1635070507299,16290316-2416,12.475.369/1254-06,Kevin,DRV36QIU7MH,"Pugh, Dustin W.",60242,74913,lacus.Quisque.imperdiet@nec.co.uk,8
16850522-0742,1623020792899,16590326-3712,12.475.369/1254-05,Steven,IWJ12AMO4KI,"Figueroa, Quinlan P.",96145,74914,et.risus.Quisque@aliquetodioEtiam.edu,4
16110117-3902,1621081240199,16710902-1167,12.475.369/1254-10,Abraham,WQE04FKZ9LD,"Wilson, Constance S.",66886,74915,at.nisi.Cum@magna.net,8
16880118-5011,1689113031599,16980113-4223,12.475.369/1254-08,Quon,KXN97JUA6FC,"Head, Allistair V.",38317,74916,risus.Nunc.ac@quislectusNullam.com,8
16450806-8378,1699081013499,16090213-7637,12.475.369/1254-07,Walker,GJK74FDX8FF,"Key, Kendall P.",94671,74917,cubilia.Curae.Donec@Fuscemi.net,8
16380819-6509,1602040918399,16190315-6592,12.475.369/1254-05,Keiko,UPG90XPC9QP,"Vincent, Gwendolyn Z.",73409,74918,eget@Etiamvestibulum.edu,4
16990122-0179,1686112609499,16900411-7256,12.475.369/1254-06,Garth,DSH12ZSY9ST,"Barton, Clarke G.",11757,74919,Vestibulum.accumsan@Nuncullamcorper.net,6
16420524-9701,1629112755299,16400701-1341,12.475.369/1254-08,Nathaniel,TLA70OYK4XX,"Sherman, Tatiana C.",49085,74920,tincidunt@sitamet.net,5
16390711-9600,1613093045899,16260511-3964,12.475.369/1254-08,Hamish,MMM41XVO5WB,"Holloway, Savannah I.",49441,74921,ut@maurisid.edu,6
16691205-9026,1680111890199,16840304-2495,12.475.369/1254-07,Florence,JEJ17IAM3UG,"Rasmussen, Kitra Z.",11336,74922,elit.Aliquam.auctor@Sedeunibh.edu,8
16840826-7626,1680081230999,16360501-4236,12.475.369/1254-07,Callie,GYL77FSH9RM,"Lott, Ulric J.",28323,74923,feugiat@ideratEtiam.org,7
16560728-3453,1652092124299,16190205-5993,12.475.369/1254-08,Gray,AZW87RMJ2XI,"Schmidt, Tatum S.",83632,74924,auctor@elitsedconsequat.edu,8
16040324-6762,1631071772599,16750324-5545,12.475.369/1254-08,Fulton,FTA77ILV7WD,"Yang, Cameran T.",13616,74925,velit.Aliquam@venenatis.edu,4
16230222-8701,1631040169299,16260427-9303,12.475.369/1254-10,Kibo,LEO87ZPA0PD,"Farley, Ivor C.",74931,74926,orci@tempuslorem.org,7
16270626-2561,1630030822499,16420524-9701,12.475.369/1254-08,Daryl,WYA24ZSC7XY,"Sandoval, Philip S.",79205,74927,mollis.lectus.pede@diamdictumsapien.com,5
16460409-9996,1667032802499,16420524-9701,12.475.369/1254-07,Melvin,WUZ23SGO0DS,"Gray, Kimberley U.",15716,74928,pede.Nunc.sed@sociisnatoque.net,4
16801120-0303,1698102991899,16070426-8135,12.475.369/1254-05,Erin,VZH93UEQ3RR,"Berger, Abraham B.",2846,74929,quis@senectuset.net,6
16980113-0031,1650091530699,16540528-5205,12.475.369/1254-09,Alexander,CBQ27LXF6DL,"Fernandez, Stone H.",61552,74930,molestie.orci.tincidunt@tortornibh.edu,4
16110128-8445,1670061495999,16440417-6069,12.475.369/1254-08,Candace,EHD97YNZ7ZD,"Simmons, Avram F.",10228,74931,mus.Proin@molestietellus.net,7
16790328-1157,1603052335099,16111212-1346,12.475.369/1254-06,Graiden,UYS31QTQ0HY,"Hartman, Clio V.",9268,74932,nec.eleifend.non@posuere.net,6
16861122-6740,1605061319899,16650812-5116,12.475.369/1254-08,Hammett,AUV79BER8TZ,"Rivera, Donovan C.",98979,74933,elementum.lorem.ut@nonquam.edu,6
16080614-7468,1659101501199,16740302-0451,12.475.369/1254-08,Peter,CSS10HAB8UU,"Johnston, Jason R.",8932,74934,senectus.et.netus@imperdiet.net,8
16910605-0066,1672092410199,16621023-9080,12.475.369/1254-07,Autumn,GTR43DIR2KP,"Hester, Zeus F.",61253,74935,eu.nibh@inmagna.org,7
16270710-5454,1662010636999,16280802-7268,12.475.369/1254-05,Tyler,DRM52RAZ7OE,"Solis, Lyle T.",95352,74936,nec.malesuada.ut@parturient.edu,4
16131212-4371,1640010500499,16181017-4456,12.475.369/1254-08,Philip,HQX78IKB7AG,"Richardson, Garrison U.",55062,74937,Nullam@feugiatplacerat.com,5
16540825-5676,1616041959899,16320718-5954,12.475.369/1254-08,Patience,AKO81POR8BA,"Rodriguez, Noel S.",85231,74938,sollicitudin.orci@ipsumCurabitur.com,8
16801008-8394,1616051051199,16511023-5750,12.475.369/1254-06,Cadman,YNF20FMA2MX,"Rowland, Ray V.",74996,74939,turpis.In@metusInlorem.com,7
16150120-7045,1614081495399,16271224-9438,12.475.369/1254-08,Lynn,VQB32ZKN7UK,"Huber, Tanisha H.",8856,74940,Maecenas.iaculis.aliquet@iderat.net,7
16540921-5414,1647071014299,16510809-6214,12.475.369/1254-05,Inez,SRI93NFR8GF,"Calhoun, Winifred Q.",16216,74941,ac@ut.edu,8
16020110-0765,1648010943499,16880428-9992,12.475.369/1254-06,Knox,ELG17TAE5AM,"Yates, Demetrius T.",79259,74942,Donec.consectetuer@metus.net,8
16720811-5514,1633041957499,16180510-5747,12.475.369/1254-07,Connor,DEE76LZQ5JA,"York, Daria N.",99116,74943,iaculis@Maurismagna.org,6
16220702-1318,1654120715999,16160927-3204,12.475.369/1254-07,Ciaran,PFH95WVB6JT,"Carroll, Germaine W.",83550,74944,Mauris.quis.turpis@Loremipsumdolor.ca,4
16180902-6261,1604120889399,16581218-8612,12.475.369/1254-05,Len,IKN50DHP8RO,"Ward, Regina B.",23907,74945,eu.sem.Pellentesque@asollicitudin.edu,4
16820329-4270,1695101661199,16870301-8039,12.475.369/1254-05,Larissa,ZUT03NME9WR,"Gonzalez, Kylan A.",455,74946,ligula@nuncsedpede.edu,8
16931209-1540,1682041171599,16960321-0916,12.475.369/1254-10,Fuller,EKE42PWS8PS,"Sparks, Lionel U.",55130,74947,Etiam@consectetueradipiscingelit.co.uk,7
16611126-9871,1635050338799,16640625-4364,12.475.369/1254-08,Sawyer,ZJI49VMQ2AJ,"Holder, Kirsten P.",10006,74948,pretium.aliquet@semmollisdui.com,4
16900925-2140,1670010883499,16500211-6613,12.475.369/1254-09,Keane,HXA88PME2LO,"Francis, Carson X.",53148,74949,mauris.sagittis@ante.ca,6
16551208-4210,1693060677899,16690628-2840,12.475.369/1254-05,Ferris,TKN33GPH7NC,"Meyers, Leslie Y.",71741,74950,dis.parturient@ridiculus.edu,7
16520828-9669,1612101558799,16230315-7834,12.475.369/1254-10,Vaughan,SRV78ICF8CF,"Barrera, Robin Y.",99496,74951,semper@nisi.net,4
16380717-0083,1691122912499,16920816-1613,12.475.369/1254-08,Lee,ERN03AHC8CC,"Wall, Lars Y.",40282,74952,sem@dictumsapienAenean.co.uk,7
16970509-6916,1612030302299,16560618-2136,12.475.369/1254-08,Kylynn,AIJ70JDV9CE,"Solis, Adara H.",95613,74953,ipsum@vitae.ca,6
16890508-0845,1683032210199,16590615-9537,12.475.369/1254-05,Finn,NAR98RYZ1VQ,"Santiago, Dahlia K.",39094,74954,Nunc@non.edu,4
16690814-5664,1630110856699,16890303-9991,12.475.369/1254-06,Lysandra,MZK55VYQ4AP,"Woodard, Noble T.",66176,74955,consequat.nec@velpedeblandit.org,7
16400314-5747,1685102177299,16790328-1157,12.475.369/1254-06,Heidi,PZF19LUI1QD,"Finley, Imogene C.",13547,74956,sollicitudin.commodo.ipsum@tempus.ca,6
16920402-7321,1668123093699,16131229-9231,12.475.369/1254-08,Justin,USY70XOK3UQ,"Perry, Rashad M.",53269,74957,lacinia@nisl.ca,4
16340907-9716,1603062497999,16410629-6595,12.475.369/1254-08,Leslie,SBV20OCV9AH,"Donaldson, Charity X.",5977,74958,non@aliquetProin.com,8
16640202-3979,1656120962999,16600309-6481,12.475.369/1254-05,Erica,TPD74MXO0GM,"Elliott, Amery J.",22178,74959,et.malesuada@eu.com,5
16340225-7251,1678081992899,16820523-0025,12.475.369/1254-08,Lilah,DOI56EUI5IQ,"Bruce, Carl Z.",25501,74960,erat@elementumat.net,6
16270707-0625,1659122145799,16290929-9212,12.475.369/1254-10,Hu,YAU22KMB8XP,"Oliver, Declan O.",29202,74961,nec.urna@egetlacusMauris.net,4
16790116-5014,1600070488499,16960307-8438,12.475.369/1254-05,Ezekiel,FZJ55CMD4CJ,"Potter, William G.",20404,74962,in.faucibus@nequeInornare.ca,8
16150912-1339,1645072964399,16680915-7883,12.475.369/1254-08,Jelani,OXQ60KKI0QZ,"Harmon, Sylvia F.",11727,74963,egestas@luctusvulputatenisi.net,4
16920325-6087,1699010711699,16591228-9104,12.475.369/1254-08,Orson,CKQ21MUQ2ET,"Moore, Cameron O.",57888,74964,porttitor.interdum@euodiotristique.edu,7
16990402-9510,1683032984299,16800428-1989,12.475.369/1254-05,Adele,TLE91QDY7EI,"Mathis, Alexandra L.",97881,74965,et.commodo@egetmetusIn.net,5
16030723-1886,1651070366199,16670810-6189,12.475.369/1254-10,Len,UZG07OCK8JK,"Barry, Abel W.",37857,74966,est.tempor@aliquetnec.edu,7
16660118-2287,1655081780799,16380413-8695,12.475.369/1254-09,Paloma,AYI91THE6LI,"Alston, Natalie A.",82743,74967,Vivamus.nibh@auctornon.co.uk,5
16471122-0477,1648072921699,16720304-4511,12.475.369/1254-07,Leandra,KNJ47AXJ7UA,"Benton, Kim T.",37060,74968,egestas@etrisusQuisque.edu,4
16901030-6257,1676042382399,16590811-5404,12.475.369/1254-09,Hayfa,SVV66PLM3TZ,"Hester, Vladimir X.",79744,74969,senectus.et@orciDonec.org,8
16540913-4979,1677090635999,16250701-9327,12.475.369/1254-06,Shafira,TXZ66HXJ9HP,"Berger, Keith Y.",15096,74970,purus.in@pedeCrasvulputate.org,6
16670110-4827,1630032955499,16970103-8979,12.475.369/1254-08,Yardley,HXE09KOC9WP,"Harrison, Aretha G.",35667,74971,pretium.et.rutrum@laciniaorci.org,5
16570703-3089,1616021083799,16640827-4048,12.475.369/1254-07,Clayton,CFW24TDD2YG,"Beard, Nolan P.",60784,74972,id.risus@odioNam.org,4
16680821-1582,1682040296499,16311011-7508,12.475.369/1254-06,Dillon,PSL43TWJ3QS,"Mann, Finn M.",62213,74973,enim@nibhPhasellus.com,8
16420114-6679,1650020576099,16590123-2784,12.475.369/1254-08,Gary,IAP10OWB0XH,"Mccray, Cruz F.",71560,74974,Donec.nibh@massaInteger.ca,7
16670624-1319,1605112197999,16130612-6481,12.475.369/1254-05,Hiram,GCW60QPV6LG,"Cain, Lysandra F.",9221,74975,sed.libero@non.edu,8
16670207-7436,1613100281399,16890120-5222,12.475.369/1254-06,Cairo,DFN31QKP0AE,"Davenport, September H.",43620,74976,amet@aliquetPhasellus.edu,5
16220726-8950,1650051228399,16490123-0492,12.475.369/1254-05,Emerson,RZG70WIA7MJ,"Hickman, Amery D.",34856,74977,euismod.mauris.eu@velarcu.co.uk,4
16220620-5433,1682031098999,16690703-6864,12.475.369/1254-06,Asher,HVS31HWM9TV,"Flores, Yuli H.",68699,74978,ac.mi.eleifend@blandit.net,8
16141013-5691,1642051588699,16090707-0973,12.475.369/1254-09,Jamalia,CXN08XOB5AC,"Bolton, Neil R.",25410,74979,imperdiet.nec@sagittisDuisgravida.org,4
16821219-8389,1601060800899,16621006-6053,12.475.369/1254-06,Linda,CCO68BXK9CL,"Wolf, Daryl I.",78114,74980,dapibus.quam.quis@eliteratvitae.com,7
16370607-1556,1610120230299,16891101-3053,12.475.369/1254-10,Yoshi,AUB49CHZ1LW,"Lynch, Iona O.",51236,74981,et@adipiscing.com,4
16121128-4755,1659071565899,16751209-6046,12.475.369/1254-06,Fatima,MWW21TBC9TY,"Holden, Ulric V.",94059,74982,est.Mauris.eu@dictumeuplacerat.edu,4
16020909-9084,1620091034599,16620319-4862,12.475.369/1254-08,Molly,NFL83XDL5XF,"Day, Fatima C.",22321,74983,adipiscing.fringilla@CuraeDonectincidunt.net,4
16400318-2443,1666122486899,16070111-5339,12.475.369/1254-09,Kamal,RPF72HVW8QO,"Byrd, Jescie I.",91544,74984,eu.neque@velit.org,5
16031120-9845,1623122409199,16750423-1551,12.475.369/1254-07,Destiny,BCV11STJ0DY,"Ryan, Solomon H.",34442,74985,sodales@mollisPhaselluslibero.net,8
16541210-8838,1678021191199,16300408-4459,12.475.369/1254-08,Sydnee,ZPJ10FLA8GR,"Black, Nathan F.",29116,74986,feugiat.metus.sit@cursusdiam.net,8
16040225-2217,1646040171899,16190213-6587,12.475.369/1254-08,Jack,QUB66HHQ8HM,"Henderson, Jameson B.",68693,74987,aliquam@dictum.org,5
16860906-5845,1696010922099,16860908-3277,12.475.369/1254-06,Alec,ZFF11MBR2EG,"Bowers, Baker K.",73244,74988,dolor.Donec@Suspendissealiquetmolestie.net,7
16430904-7357,1693081134699,16440613-6228,12.475.369/1254-05,Fredericka,OPV98XYQ6MD,"Pugh, Kaye E.",95318,74989,Curabitur.sed@neque.org,8
16580316-5397,1637120394599,16290530-7324,12.475.369/1254-08,Tashya,WMT93XQG2XP,"Lucas, Skyler W.",71179,74990,velit.dui@Quisque.edu,5
16130703-6655,1616110915799,16270302-1481,12.475.369/1254-05,Shelby,PBG33DOG1VV,"Kirby, Acton S.",83258,74991,orci.Donec.nibh@quis.edu,5
16951018-2794,1682102915899,16090314-3717,12.475.369/1254-06,Rama,QKK97JYM4YV,"Bond, Laith Y.",54771,74992,est.tempor@nasceturridiculus.ca,4
16880403-0487,1611092155899,16150119-2247,12.475.369/1254-07,Caleb,KCB36HHW1VE,"House, Halee I.",36024,74993,Sed@urnaet.org,4
16120208-1525,1689100343499,16480622-5134,12.475.369/1254-06,Bruce,KWG06VID2NU,"Baird, Nicole I.",87154,74994,dui.nec@sagittis.com,5
16260101-7441,1612041495399,16891008-2299,12.475.369/1254-10,Vaughan,XQV98MRV8WU,"Christensen, Walter K.",67720,74995,magna@atnisiCum.edu,6
16630122-0809,1621071358699,16090408-1312,12.475.369/1254-10,Ayanna,GVP81ZHL5NJ,"Cole, Thomas W.",35310,74996,adipiscing@consequatnec.edu,7
16761219-3305,1665111536899,16180501-1929,12.475.369/1254-07,Gage,NFB32MLA3VQ,"Wilkinson, Winifred U.",67098,74997,Donec.fringilla.Donec@odioauctorvitae.net,4
16431106-4499,1679041406299,16411206-0688,12.475.369/1254-05,Lila,MUX70MVD6OI,"Pickett, Amela O.",73097,74998,Quisque.nonummy@nonvestibulum.org,7
